<?xml version="1.0" encoding="utf-8"?>
<Configuration status="info">
	<!-- layout -->
    <Properties>
        <Property name="layout">"%d{HH:mm:ss.SSS} [%t] %-5level %logger{36} - %msg%n"</Property>
    </Properties>
    
    <!--  appenders ==> mention destination -->
    <Appenders>
        <Console name="Console">
            <PatternLayout pattern="${layout}" />
        </Console>  
           
        <RollingFile name="MyFile" fileName="C:\logs\mylog.log" filePattern="app.%d{yyyy-MM-dd}-%i.log">
            <PatternLayout pattern="${layout}"/>
            <Policies>
            	<TimeBasedTriggeringPolicy />
            	<SizeBasedTriggeringPolicy size = "1 MB" />
            </Policies>
            <DefaultRolloverStrategy max="5" />
        </RollingFile>               
    </Appenders>
    <Loggers>
        <Logger name="com.grievance" level="info" additivity="true">
            <AppenderRef ref="MyFile" />
        </Logger>
        <Root level="info">
            <AppenderRef ref="Console" />
        </Root>    
    </Loggers>
</Configuration>